7MlUJyjn,Entrenamiento Enero 2026 IV
PWx24d4B,Entrenamiento Enero 2026 III
r600K2H9,Entrenamiento Enero 2026 II
CtbFTM1k,Entrenamiento Enero 2026 I
bGyLbSWf,This is the new beginning
uVIknej6,This is the end 2025
gZ9HgZrL,December Chess-Training XII
aRnJW6on,December Chess-Training XI
9wWok1uc,December Chess-Training X
5L2VXVRo,Trasnochados Navide√±os 2025
S3kofQPF,December Chess-Training IX
JWxKFY7e,December Chess-Training VIII
WHGvCvpS,December Chess-Training VII
XOUSsaLf,December Chess-Training VI
qUIVIlA0,Torneo para los lichecitos
fjyys967,December Chess-Training V
S7XQMxT3,December Chess-Training IV
1C4G01Ql,December Chess-Training III
TH7Hf123,December Chess-Training II
QFNmRW7G,December Chess-Training I
yXI2Y1RT,November Chess-Training XI
Z29ixLW4,November Chess-Training X
g8ZITwZ9,November Chess-Training IX
wcG3Aclu,November Chess-Training VIII
G1QXVASJ,November Chess-Training VII
0w7C6EZh,November Chess-Training VI
0w7C6EZh,November Chess-Training V
fe0EiOGI,November Chess-Training IV
JVmSyae3,November Chess-Training III
t3lTJBV5,November Chess-Training II
uQkOx1M8,November Chess-Training I
